patient_id,first_name,last_name,date_of_birth,gender,ssn,address,city,state,zip_code,phone,email,insurance_provider,insurance_id
1,,,2029-11-30,,115-04-4507,"181 Johnson Course, East William, AK 74064",Lake Debra,ND,55488,479.540.2654,curtis61@example.com,,
2,Melanie,Baker,2017-05-12,F,045-94-7528,"84959 Janet Cape Apt. 413, South Joshuastad, GA 49021",Jasonview,UT,90094,+1-219-528-3276x4835,trujillorichard@example.org,Aetna,PDj395376
3,Joseph,Mcgee,1968-10-04,M,552-34-9578,"3287 Katelyn Wall Apt. 226, South Patrickmouth, NC 33454",Lake Jenniferside,WV,35474,001-551-446-2704x82814,kathryn88@example.org,,Ztp957015
4,Brian,Arroyo,2012-05-30,M,088-94-7963,"78248 Brandt Plains, Lake Larry, TN 85681",Samuelhaven,NV,16361,531.250.9839,zimmermanbrian@example.org,Humana,QFn051834
5,Amber,Johnston,2012-11-29,M,249-61-6670,"656 Owens Stream, Lake Deniseville, AR 53273",Laurenville,IA,25613,387.926.2473,williamsyvette@example.org,Blue Cross,nzd132677
6,Franklin,Galloway,1935-06-28,M,272-59-4674,"34309 Julie Centers Apt. 978, North Susan, CO 24857",New Carlosbury,MO,16214,001-739-690-9169,elizabethedwards@example.com,Humana,
7,Randy,Evans,2023-01-18,F,324-97-1189,"83842 Ibarra Gardens, Justinmouth, MP 71701",Cherylhaven,AL,88039,+1-641-624-1182,jenniferharris@example.net,Aetna,OBr487401
8,Bradley,Wise,1980-08-04,F,653-34-2648,"011 Amy Village Suite 982, Andersonport, MN 05730",Jasonbury,TN,13974,(886)592-3226x025,erik16@example.org,Blue Cross,Yoo733754
9,Andrew,Ross,1961-06-24,M,286-09-4574,"850 Natalie Green Apt. 940, New Ryanmouth, NE 79958",South Rachelborough,KS,06318,001-360-688-3561x595,elizabeth56@example.net,,RVl482366
10,Christina,Sullivan,1976-02-26,F,854-01-4979,"957 Ramos Forest Suite 214, Clarencebury, TX 41188",Port James,AK,06558,979.817.6936,dylanwatts@example.org,Aetna,Jph632870
11,,,1997-04-26,F,137-60-8703,"Unit 9579 Box 8687, DPO AE 97973",Colebury,MP,84080,387-434-7143x455,jessebenson@example.net,Blue Cross,
12,Jason,Russell,1991-08-29,M,556-60-6813,"9096 Smith Knoll Suite 668, South Jeffrey, NE 64155",South Matthewfurt,VA,22133,929.480.6990x162,greenmark@example.com,UnitedHealth,fEb556464
13,Kaitlyn,Cooke,1942-04-14,F,359-29-1125,"33092 David Skyway, New Staciemouth, UT 34087",Garyville,WI,21966,619-304-9663x1931,reedross@example.com,Blue Cross,gBx185067
14,Cynthia,Zimmerman,1997-10-06,M,446-23-8549,"Unit 4987 Box 7694, DPO AA 32678",West Nicolebury,WV,61411,001-596-750-7527,matthew94@example.net,Cigna,
15,Alejandro,Miller,1961-03-13,F,738-53-8005,"777 Christopher Forges, Holtport, TN 76726",Thomashaven,MI,56272,001-485-557-4443x1351,joannahill@example.net,,oxl894134
16,Kevin,Ferguson,2030-03-16,F,281-06-0894,"710 Harrison Mill, Jackton, KS 63117",Port Cameronfort,CA,76132,+1-502-829-4131x8699,tkerr@example.net,Humana,
17,Veronica,Carroll,1976-10-03,M,062-79-1626,"USNS Garrett, FPO AA 87064",East Johnside,CA,21018,6679974034,mcdanielsandra@example.net,Blue Cross,Pjr936183
18,Margaret,Brown,1944-11-29,F,812-40-9750,"1746 Mason Park Suite 190, Navarroview, AK 12471",Lake Mary,OK,77456,4498027874,ecosta@example.com,Blue Cross,ASF655125
19,Keith,Cervantes,1989-09-11,M,564-05-7452,"1680 Gutierrez Field Suite 977, East Josephberg, LA 57925",Martinezbury,VT,21259,680-886-1317x1274,pbaird@example.com,Cigna,Vie826398
20,Joshua,Morgan,1991-09-01,F,807-65-4378,"499 Grimes Mission Suite 558, Gibsonmouth, VI 25228",New Patrick,PR,54342,7573662702,dgarcia@example.org,Aetna,vNS262174
21,,,1989-04-17,,667-11-5384,"7809 Jimmy Spur Suite 316, Port Cynthiaville, NV 22306",Rebeccaton,MD,07856,855-562-3869x2221,jdurham@example.org,Aetna,sRI747407
22,Eric,Landry,1995-04-25,M,602-39-6952,"3671 Patrick Knolls Suite 406, Alanton, PW 79983",Wallport,WI,30663,+1-753-439-4210x470,browningmark@example.com,Humana,Grk232858
23,Jonathan,Coffey,2000-10-09,M,303-96-5550,"23685 Krystal Bridge Suite 817, Emilyview, OR 50442",Danielbury,NJ,03781,+1-285-693-1746x120,pwilson@example.net,Aetna,LVU267586
24,Eric,Pena,1991-08-30,F,854-63-6687,"USNV Johnson, FPO AA 28978",Wallacebury,PR,48038,958-350-6431,darleneharper@example.org,,eWJ053293
25,Jamie,Li,1964-08-01,M,239-43-2418,"2284 Daniel Way, East Alexisbury, OR 42938",East Josephberg,WA,55677,611.977.5891x78390,browntimothy@example.com,,uMj617711
26,Cameron,Weber,1972-08-16,M,600-71-5328,"8961 Melissa Run Apt. 673, Morganmouth, MO 55025",West Ronaldview,MN,20507,+1-771-311-1615x28098,qgomez@example.com,Aetna,KGn049451
27,Eric,Walker,2000-10-26,F,111-45-9114,"368 Chelsea Shoals Suite 024, Sandrastad, AL 24278",New Diane,CA,19096,001-301-283-6675x2545,ericwilliamson@example.net,Cigna,CAr147679
28,Jason,Wilson,2004-12-03,M,441-15-4641,"403 Joyce Centers Apt. 343, Port Jonathan, MD 16227",South Julieburgh,DC,50335,+1-238-985-1606,atkinsbarbara@example.net,Humana,ukZ664160
29,Stacey,Collier,1997-10-24,F,371-12-7156,"9681 Harrell Summit, Jeffreyburgh, CA 67411",New Williamstad,MI,95840,+1-923-912-4329x2127,michelle52@example.com,Aetna,dwG177449
30,Charles,Hayes,1998-01-14,F,059-48-4704,"986 Carpenter Turnpike, South Reginashire, SD 25173",Cassidyhaven,FL,08610,415.718.2037x788,samantha66@example.com,,JRy905151
31,,,2028-05-27,F,259-93-9875,"92546 Brooke Corner Suite 865, Lake Jacqueline, WA 90339",Lake Ellenhaven,MN,02890,(342)235-7332x214,nancy92@example.net,Aetna,UCc622292
32,Robert,Montes,1967-07-10,F,626-37-7356,"7359 Murray Haven, Shawchester, GA 26675",Port John,SD,63492,(881)381-4124x782,lisawilkerson@example.org,,yfx606853
33,Jeffrey,Galvan,1978-07-26,F,860-92-5494,"47277 Rebecca Brook, Jasonberg, OH 95821",Rodriguezport,IA,39973,203-569-7117,kellysmith@example.com,UnitedHealth,xeH396218
34,Amy,Spencer,2004-04-13,M,400-61-0714,"0515 Jessica Road Apt. 952, West Amyburgh, MP 90243",Pollardfort,SC,24392,(717)604-3030,ihays@example.com,Humana,Pvr403450
35,David,Kim,1985-04-13,M,410-96-7205,"PSC 6527, Box 7584, APO AE 95801",Millerburgh,ND,39005,711-854-4796x27570,danielle01@example.net,Blue Cross,
36,Dana,Palmer,1984-08-22,M,768-87-2622,"USNS Allison, FPO AP 57933",East Carlosstad,MN,50682,001-409-727-5571,redwards@example.org,,Jhq102786
37,Kimberly,Lewis,1995-12-07,M,627-37-8048,"72715 Mckinney Plaza, Patriciaburgh, VT 93504",Port Michael,IN,16408,923.470.5895,jonesraymond@example.net,Cigna,iuP786691
38,Charles,Frazier,1998-08-05,F,353-17-9033,"68018 Kevin Estates, Sarahbury, MI 68513",Meghanview,ID,83739,+1-442-449-8182,megan90@example.org,Humana,ANO109439
39,Anthony,Gardner,2020-07-20,M,658-39-7913,"7102 Perry Mountain Apt. 592, Michellemouth, VA 45769",Andersonstad,NY,74117,353-271-4732,sonia96@example.org,,FGD259532
40,Victor,Jimenez,1977-03-09,F,093-51-8282,"95004 Harper Ville, Mitchelltown, PR 14590",Andersonview,VA,48444,001-965-606-0983x58416,andersoncolin@example.com,,GzG585239
41,,,1940-09-03,,047-05-2246,"729 Mark Ridge Suite 269, Brittneyhaven, MP 67310",Ericksonport,NJ,02681,(551)269-4097x499,ojackson@example.net,UnitedHealth,Shm962309
42,Andrew,Barnes,1977-11-20,F,423-89-3341,"028 Ann Shore Suite 865, South Rhonda, MA 72102",Ericaview,RI,63963,934.784.3443,ybailey@example.net,Blue Cross,zwX441986
43,Linda,Williams,1974-09-22,F,732-11-5675,"PSC 4733, Box 8484, APO AE 14817",East Brent,MH,70105,230.416.5712,edelgado@example.com,Humana,PKo345401
44,Amanda,Gentry,1940-04-09,M,180-54-2881,"USS Osborn, FPO AA 65431",Lake Suzanne,LA,05411,9494915478,znelson@example.org,,VvY527420
45,Kenneth,Thompson,1961-06-26,M,877-82-6644,"61227 Boyle Avenue Suite 637, Stephanieport, OR 95250",West Desireebury,AR,88029,774-526-8414,susanmendoza@example.com,Aetna,ZQn956878
46,Kathleen,Fischer,2030-02-01,M,895-11-8610,"91088 Ashley Drive Apt. 587, Lake Jamieshire, NM 12420",Stokesmouth,DC,67773,(279)808-7406x40391,isabella80@example.org,Humana,XPU704622
47,Debbie,Brooks,1992-05-28,M,392-58-6185,"512 Rice Stream, Port Adam, AK 39608",Nunezside,NE,70222,(533)575-2431x0690,garciaarthur@example.net,Humana,InW030673
48,Michelle,Taylor,1942-11-16,M,297-30-9439,"42836 Hill Point Apt. 687, West Shellyfurt, WY 69243",Heatherchester,FL,39807,(428)873-3427x0866,jonathanrivera@example.org,Blue Cross,ryR751830
49,Cassidy,Russo,1940-07-29,F,193-98-9627,"3540 Sharon Streets, Lake Yvonnefort, PW 32298",South Rose,OH,42655,001-746-578-5445x87717,lawrence09@example.org,Aetna,
50,Joyce,Green,1937-05-27,M,599-75-6842,"3693 Pierce Spur, Jonathanfort, VA 84609",Murraystad,GA,18845,001-587-328-0801x0062,albertwagner@example.com,Blue Cross,aIJ099770
